                  epoch,         train/box_loss,         train/cls_loss,         train/dfl_loss,   metrics/precision(B),      metrics/recall(B),       metrics/mAP50(B),    metrics/mAP50-95(B),           val/box_loss,           val/cls_loss,           val/dfl_loss,                 lr/pg0,                 lr/pg1,                 lr/pg2
                      0,                 1.6907,                 5.8406,                 1.7652,                0.49557,                0.18119,                0.11444,                0.08067,                  1.627,                 3.5237,                 1.7442,               0.070366,              0.0032927,              0.0032927
                      1,                  1.479,                 3.2952,                 1.5503,                0.51547,                0.20915,                0.14845,                0.10843,                 1.4576,                 2.8483,                 1.5778,               0.040359,              0.0066195,              0.0066195
                      2,                 1.4392,                 2.8814,                 1.5109,                 0.6007,                0.14894,                0.14222,                0.09322,                 1.6809,                 3.2095,                 1.7136,               0.010346,              0.0099396,              0.0099396
                      3,                 1.4971,                 2.8656,                 1.5162,                0.50092,                0.19175,                0.14547,                0.10047,                 1.5818,                 2.8995,                 1.6528,              0.0099703,              0.0099703,              0.0099703
                      4,                 1.4687,                 2.5781,                 1.4803,                0.61163,                0.16423,                0.19932,                0.13254,                 1.6022,                 2.8924,                 1.7142,              0.0099703,              0.0099703,              0.0099703
                      5,                 1.4883,                  2.528,                 1.5068,                0.41969,                0.28759,                0.18432,                0.12466,                 1.5539,                 2.6636,                 1.6568,              0.0099604,              0.0099604,              0.0099604
                      6,                 1.4512,                 2.3826,                 1.4797,                0.53566,                0.29985,                0.18897,                 0.1256,                  1.617,                  2.748,                 1.6897,              0.0099505,              0.0099505,              0.0099505
                      7,                 1.4756,                 2.3159,                 1.4881,                0.55269,                  0.254,                0.25045,                0.17322,                 1.4688,                 2.3244,                 1.5815,              0.0099406,              0.0099406,              0.0099406
                      8,                 1.4538,                 2.3097,                 1.4677,                0.50855,                0.36045,                0.22371,                0.15404,                 1.4841,                 2.4502,                 1.5799,              0.0099307,              0.0099307,              0.0099307
                      9,                 1.4696,                  2.304,                 1.4885,                0.50683,                0.28993,                0.22751,                0.16461,                 1.4391,                 2.4105,                 1.5364,              0.0099208,              0.0099208,              0.0099208
                     10,                 1.4422,                 2.2288,                 1.4563,                0.40733,                 0.3179,                 0.2622,                0.18511,                 1.4107,                 2.2969,                 1.5279,              0.0099109,              0.0099109,              0.0099109
                     11,                 1.4176,                 2.1968,                 1.4434,                0.50177,                 0.2977,                0.26675,                0.18727,                 1.4181,                 2.1256,                 1.5404,               0.009901,               0.009901,               0.009901
                     12,                 1.3562,                 2.0902,                   1.41,                0.66337,                0.28955,                0.27898,                0.20722,                 1.2999,                 2.0909,                 1.4475,              0.0098911,              0.0098911,              0.0098911
                     13,                 1.3261,                 2.0139,                 1.3699,                0.70877,                0.25176,                0.30281,                0.20984,                 1.3683,                 2.1375,                 1.4856,              0.0098812,              0.0098812,              0.0098812
                     14,                 1.3379,                  2.088,                  1.403,                0.61664,                0.38292,                0.31122,                0.21235,                 1.3619,                 2.0717,                 1.4802,              0.0098713,              0.0098713,              0.0098713
                     15,                 1.3155,                 2.0319,                 1.3876,                0.46051,                0.28965,                0.25996,                0.18403,                 1.3942,                 2.3708,                 1.5299,              0.0098614,              0.0098614,              0.0098614
                     16,                 1.2973,                 1.9414,                  1.364,                 0.5894,                0.30825,                0.27074,                0.20094,                 1.3652,                 2.2912,                 1.4938,              0.0098515,              0.0098515,              0.0098515
                     17,                 1.2876,                 1.9354,                 1.3599,                0.51399,                0.38493,                0.29671,                0.20827,                  1.362,                 2.0821,                 1.4448,              0.0098416,              0.0098416,              0.0098416
                     18,                   1.31,                 1.9582,                 1.3721,                0.57142,                 0.3431,                0.26913,                0.20026,                 1.3165,                 1.9585,                 1.4392,              0.0098317,              0.0098317,              0.0098317
                     19,                 1.2835,                  1.896,                 1.3523,                0.51655,                0.35331,                0.28295,                 0.2038,                 1.3191,                 1.9245,                 1.4384,              0.0098218,              0.0098218,              0.0098218
                     20,                 1.2561,                 1.8977,                 1.3617,                0.66506,                0.33288,                 0.2966,                0.21558,                 1.2597,                 1.9451,                 1.4306,              0.0098119,              0.0098119,              0.0098119
                     21,                 1.2815,                 1.8481,                 1.3527,                0.68099,                0.29366,                0.30261,                0.22526,                  1.368,                  2.161,                 1.4707,               0.009802,               0.009802,               0.009802
                     22,                 1.2604,                 1.8163,                 1.3299,                0.73556,                0.31019,                0.36761,                0.23701,                 1.3309,                 1.9098,                 1.4739,              0.0097921,              0.0097921,              0.0097921
                     23,                 1.2289,                  1.778,                 1.3154,                0.51175,                0.36574,                0.33983,                0.23405,                 1.3217,                 2.0162,                 1.4459,              0.0097822,              0.0097822,              0.0097822
                     24,                 1.2595,                 1.8146,                 1.3583,                 0.5986,                0.38216,                0.34462,                0.22702,                 1.3528,                 1.9463,                 1.4719,              0.0097723,              0.0097723,              0.0097723
                     25,                 1.2403,                 1.7363,                 1.3153,                0.67048,                0.31149,                0.30883,                0.22621,                 1.3015,                 1.9509,                  1.452,              0.0097624,              0.0097624,              0.0097624
                     26,                  1.198,                 1.7015,                 1.2926,                0.53308,                0.37385,                0.33953,                0.23453,                 1.3389,                 1.9219,                 1.4624,              0.0097525,              0.0097525,              0.0097525
                     27,                  1.215,                 1.6827,                 1.3087,                0.60992,                0.37508,                0.31319,                0.21808,                 1.3487,                 1.8374,                 1.4519,              0.0097426,              0.0097426,              0.0097426
                     28,                 1.2018,                 1.6707,                 1.2893,                0.61067,                0.36457,                0.36457,                0.24762,                 1.2568,                 1.8143,                 1.3929,              0.0097327,              0.0097327,              0.0097327
                     29,                 1.2009,                 1.6751,                 1.2992,                0.74519,                0.33521,                0.33092,                0.24222,                  1.265,                 1.8693,                 1.4146,              0.0097228,              0.0097228,              0.0097228
                     30,                 1.1776,                  1.662,                 1.2939,                0.61762,                0.37672,                0.33768,                0.24021,                 1.2443,                 1.7938,                 1.3888,              0.0097129,              0.0097129,              0.0097129
                     31,                  1.174,                 1.5958,                 1.2818,                0.57051,                0.37438,                 0.3186,                0.23164,                  1.293,                   1.89,                 1.4196,               0.009703,               0.009703,               0.009703
                     32,                 1.1314,                 1.5873,                   1.26,                0.66389,                0.38978,                0.39799,                0.27183,                 1.3253,                 1.7779,                 1.4178,              0.0096931,              0.0096931,              0.0096931
                     33,                 1.1759,                 1.5855,                  1.286,                 0.5342,                0.38696,                0.35142,                0.24261,                  1.299,                 1.7901,                 1.4289,              0.0096832,              0.0096832,              0.0096832
                     34,                 1.1456,                 1.5281,                 1.2581,                0.55766,                0.32862,                0.33552,                0.22774,                 1.3323,                 1.8078,                 1.4577,              0.0096733,              0.0096733,              0.0096733
                     35,                 1.1615,                 1.5656,                  1.287,                0.70885,                0.35258,                0.37961,                0.25154,                 1.3391,                  1.843,                   1.43,              0.0096634,              0.0096634,              0.0096634
                     36,                 1.1371,                 1.4927,                 1.2505,                 0.4934,                0.42644,                0.36118,                0.24629,                 1.3184,                 1.8584,                 1.4411,              0.0096535,              0.0096535,              0.0096535
                     37,                 1.1336,                 1.4986,                 1.2566,                0.60048,                0.38123,                0.39431,                0.27194,                 1.2964,                 1.7909,                  1.437,              0.0096436,              0.0096436,              0.0096436
                     38,                 1.1251,                 1.4667,                 1.2403,                0.59686,                0.39265,                0.37586,                0.26687,                 1.2578,                  1.685,                 1.4152,              0.0096337,              0.0096337,              0.0096337
                     39,                 1.1258,                 1.4814,                 1.2543,                0.50226,                0.40417,                0.36466,                0.25147,                 1.3048,                 1.6934,                 1.4419,              0.0096238,              0.0096238,              0.0096238
                     40,                 1.1043,                 1.4447,                 1.2483,                0.50473,                0.43528,                0.36844,                0.27404,                 1.2768,                 1.7509,                 1.4256,              0.0096139,              0.0096139,              0.0096139
                     41,                 1.1195,                 1.4255,                  1.266,                0.48528,                0.42063,                0.34937,                0.24628,                 1.3018,                 1.7269,                 1.4361,               0.009604,               0.009604,               0.009604
                     42,                 1.1094,                  1.448,                 1.2563,                0.43042,                0.46255,                0.37306,                0.26778,                 1.2637,                 1.6976,                  1.407,              0.0095941,              0.0095941,              0.0095941
                     43,                 1.0882,                  1.409,                 1.2262,                0.50391,                0.40492,                0.36076,                0.25407,                 1.3865,                   1.92,                 1.4984,              0.0095842,              0.0095842,              0.0095842
                     44,                 1.1005,                 1.4247,                  1.243,                 0.5358,                0.38315,                0.36246,                0.25915,                  1.306,                 1.7152,                 1.4412,              0.0095743,              0.0095743,              0.0095743
                     45,                 1.0658,                 1.3627,                 1.2226,                0.62152,                0.40456,                0.38095,                0.27558,                 1.3303,                 1.7372,                 1.4689,              0.0095644,              0.0095644,              0.0095644
                     46,                  1.061,                 1.3293,                 1.2089,                0.53351,                0.40721,                0.38728,                0.28523,                 1.2894,                 1.6573,                 1.4245,              0.0095545,              0.0095545,              0.0095545
                     47,                 1.0879,                 1.3752,                 1.2231,                0.55613,                0.38985,                0.34341,                 0.2487,                 1.3084,                 1.7476,                 1.4424,              0.0095446,              0.0095446,              0.0095446
                     48,                 1.0757,                 1.3433,                 1.2203,                 0.6651,                0.41645,                0.38906,                0.26385,                 1.3086,                 1.7206,                 1.4493,              0.0095347,              0.0095347,              0.0095347
                     49,                 1.0459,                 1.2636,                 1.2042,                0.63054,                 0.3597,                0.39162,                0.27155,                 1.2772,                 1.6998,                 1.4396,              0.0095248,              0.0095248,              0.0095248
                     50,                 1.0642,                 1.2995,                 1.2271,                0.61068,                0.38346,                0.44041,                0.26657,                 1.3184,                   1.83,                 1.4436,              0.0095149,              0.0095149,              0.0095149
                     51,                 1.0504,                 1.2591,                 1.1982,                0.51129,                0.44128,                0.36389,                0.25354,                 1.2446,                 1.7188,                 1.3936,               0.009505,               0.009505,               0.009505
                     52,                  1.067,                 1.2985,                  1.221,                0.57133,                0.40588,                0.40808,                0.27372,                 1.2673,                  1.683,                 1.4176,              0.0094951,              0.0094951,              0.0094951
                     53,                 1.0364,                 1.2603,                  1.204,                0.51786,                0.43465,                0.36372,                0.25619,                  1.341,                 1.7828,                 1.4691,              0.0094852,              0.0094852,              0.0094852
                     54,                 1.0393,                 1.2438,                 1.1975,                0.49805,                0.44003,                0.41123,                0.27841,                 1.2995,                 1.6815,                 1.4568,              0.0094753,              0.0094753,              0.0094753
                     55,                 1.0476,                 1.2272,                 1.1973,                0.60045,                0.37248,                0.37823,                0.26061,                 1.3022,                 1.6354,                 1.4493,              0.0094654,              0.0094654,              0.0094654
                     56,                 1.0392,                 1.2309,                 1.1913,                0.55755,                0.42896,                0.38475,                0.28367,                 1.2845,                   1.62,                 1.4322,              0.0094555,              0.0094555,              0.0094555
                     57,                 1.0412,                 1.2044,                 1.2007,                0.68256,                0.36726,                0.37702,                0.26926,                 1.2937,                 1.6584,                 1.4297,              0.0094456,              0.0094456,              0.0094456
                     58,                 1.0242,                 1.2242,                 1.2034,                0.58222,                0.44641,                0.42831,                0.30164,                    1.3,                 1.6339,                 1.4653,              0.0094357,              0.0094357,              0.0094357
                     59,                 1.0159,                 1.1839,                 1.1844,                0.75354,                0.38109,                0.44907,                0.30507,                 1.2895,                 1.6307,                  1.421,              0.0094258,              0.0094258,              0.0094258
                     60,                 1.0235,                 1.1653,                 1.1829,                0.57777,                0.39335,                0.37926,                0.26193,                 1.3742,                 1.6923,                 1.4949,              0.0094159,              0.0094159,              0.0094159
                     61,                0.98545,                 1.1392,                 1.1629,                 0.5176,                0.34382,                  0.355,                 0.2487,                 1.3314,                 1.7751,                 1.4995,               0.009406,               0.009406,               0.009406
                     62,                0.98999,                 1.1354,                 1.1707,                0.58468,                0.42518,                0.39634,                0.28565,                 1.2822,                 1.6288,                 1.4505,              0.0093961,              0.0093961,              0.0093961
                     63,                0.96958,                 1.1098,                 1.1529,                0.57435,                0.42137,                 0.3825,                0.27994,                 1.2425,                 1.7067,                 1.4197,              0.0093862,              0.0093862,              0.0093862
                     64,                  0.989,                 1.1168,                 1.1673,                0.52713,                0.50215,                0.43654,                 0.2964,                 1.2774,                 1.5499,                 1.4308,              0.0093763,              0.0093763,              0.0093763
                     65,                0.98096,                 1.1135,                 1.1536,                0.55743,                0.44568,                0.41699,                0.29456,                 1.3076,                 1.6764,                 1.4535,              0.0093664,              0.0093664,              0.0093664
                     66,                0.97184,                 1.1044,                 1.1528,                0.56451,                0.43498,                0.40507,                0.28937,                 1.2862,                 1.5867,                 1.4555,              0.0093565,              0.0093565,              0.0093565
                     67,                0.95711,                  1.087,                 1.1487,                0.59348,                0.46995,                0.44837,                0.30011,                 1.3031,                 1.6685,                 1.4735,              0.0093466,              0.0093466,              0.0093466
                     68,                0.95105,                 1.0516,                 1.1404,                0.50546,                0.44366,                0.41669,                 0.2871,                 1.3296,                 1.6742,                 1.4868,              0.0093367,              0.0093367,              0.0093367
                     69,                0.97285,                 1.0596,                 1.1501,                0.54603,                0.45893,                0.41069,                 0.2805,                 1.3076,                 1.7105,                 1.4402,              0.0093268,              0.0093268,              0.0093268
                     70,                0.98787,                 1.0854,                 1.1549,                 0.5203,                0.50224,                0.40801,                0.29372,                 1.3024,                  1.656,                   1.46,              0.0093169,              0.0093169,              0.0093169
                     71,                0.96929,                  1.067,                 1.1553,                0.56606,                0.44724,                0.40453,                0.28088,                 1.3255,                 1.6776,                  1.476,               0.009307,               0.009307,               0.009307
                     72,                0.94389,                 1.0404,                 1.1363,                0.68922,                0.38762,                0.41832,                0.29604,                 1.3176,                 1.7672,                 1.4696,              0.0092971,              0.0092971,              0.0092971
                     73,                0.94764,                 1.0265,                 1.1382,                0.67759,                0.39244,                0.40537,                 0.2907,                 1.3532,                 1.6052,                 1.5002,              0.0092872,              0.0092872,              0.0092872
                     74,                0.93927,                 1.0128,                 1.1347,                0.58083,                0.38897,                0.40914,                0.29451,                 1.2914,                 1.6521,                 1.4506,              0.0092773,              0.0092773,              0.0092773
                     75,                0.93429,                 1.0302,                 1.1287,                0.61859,                0.43336,                0.41839,                  0.297,                 1.3076,                 1.7125,                 1.4767,              0.0092674,              0.0092674,              0.0092674
                     76,                0.93335,                0.98122,                 1.1384,                0.72536,                0.36473,                0.40691,                0.28778,                 1.3173,                 1.6775,                 1.4785,              0.0092575,              0.0092575,              0.0092575
                     77,                0.94273,                 1.0003,                 1.1278,                0.63042,                 0.4056,                0.42177,                0.29236,                 1.3076,                 1.6728,                 1.4844,              0.0092476,              0.0092476,              0.0092476
                     78,                0.94198,                0.97961,                 1.1402,                0.57425,                0.48535,                0.44884,                0.31009,                 1.3316,                  1.615,                 1.4774,              0.0092377,              0.0092377,              0.0092377
                     79,                0.92801,                0.98979,                 1.1343,                0.58454,                0.43325,                0.42722,                0.30328,                 1.3156,                  1.621,                 1.4849,              0.0092278,              0.0092278,              0.0092278
                     80,                0.93536,                0.96984,                  1.127,                0.42904,                0.42906,                0.43992,                0.31631,                  1.327,                 1.5732,                  1.493,              0.0092179,              0.0092179,              0.0092179
                     81,                0.92977,                0.94128,                 1.1283,                0.60329,                0.43003,                0.43244,                0.30634,                 1.3292,                   1.66,                 1.5045,               0.009208,               0.009208,               0.009208
                     82,                0.91794,                0.94993,                 1.1216,                0.73732,                0.36462,                0.41379,                0.29824,                 1.3413,                 1.6948,                 1.5067,              0.0091981,              0.0091981,              0.0091981
                     83,                 0.9105,                0.94116,                 1.1191,                0.56831,                0.40483,                0.43374,                0.28982,                 1.3065,                 1.6819,                 1.4846,              0.0091882,              0.0091882,              0.0091882
                     84,                0.92167,                0.96771,                  1.116,                0.61694,                0.47716,                0.43972,                0.30079,                 1.3199,                 1.6935,                 1.4813,              0.0091783,              0.0091783,              0.0091783
                     85,                0.92487,                0.93599,                 1.1169,                0.49421,                0.43441,                0.46996,                0.31267,                 1.3357,                 1.6903,                  1.542,              0.0091684,              0.0091684,              0.0091684
                     86,                0.90855,                0.91891,                 1.1137,                 0.7058,                0.38991,                0.43289,                0.31147,                 1.2686,                 1.6864,                 1.4629,              0.0091585,              0.0091585,              0.0091585
                     87,                0.90238,                0.90646,                 1.1089,                0.47051,                0.45429,                0.45061,                0.30054,                 1.3207,                 1.6512,                 1.4862,              0.0091486,              0.0091486,              0.0091486
                     88,                0.87045,                 0.8813,                 1.0896,                0.51537,                0.47324,                0.44084,                0.30807,                 1.3406,                 1.7717,                 1.5171,              0.0091387,              0.0091387,              0.0091387
                     89,                0.89692,                0.90633,                 1.0955,                 0.6485,                0.41643,                0.42097,                0.31019,                 1.2694,                 1.6636,                 1.4622,              0.0091288,              0.0091288,              0.0091288
                     90,                0.88764,                0.89926,                 1.0948,                0.54292,                0.46879,                0.45336,                0.31359,                  1.313,                 1.8046,                  1.482,              0.0091189,              0.0091189,              0.0091189
                     91,                0.88644,                0.88377,                 1.0969,                 0.7456,                0.38398,                0.44417,                0.29735,                 1.3097,                  1.746,                  1.492,               0.009109,               0.009109,               0.009109
                     92,                0.88694,                0.86806,                 1.1037,                0.73514,                0.36028,                0.41695,                 0.3032,                 1.2841,                 1.7089,                 1.4844,              0.0090991,              0.0090991,              0.0090991
                     93,                0.88251,                0.87003,                 1.0994,                0.65237,                0.35977,                0.42178,                0.28997,                 1.3103,                 1.8166,                 1.5109,              0.0090892,              0.0090892,              0.0090892
                     94,                 0.8677,                0.86927,                 1.0916,                0.74961,                 0.3603,                0.40861,                0.29472,                 1.2971,                 1.6862,                  1.487,              0.0090793,              0.0090793,              0.0090793
                     95,                0.88458,                0.87797,                 1.0961,                0.61886,                0.40486,                0.44533,                0.30649,                 1.3221,                 1.7616,                 1.4976,              0.0090694,              0.0090694,              0.0090694
                     96,                0.85929,                0.85378,                 1.0914,                0.52846,                0.45167,                0.42735,                0.30515,                 1.2862,                 1.7556,                 1.4906,              0.0090595,              0.0090595,              0.0090595
                     97,                0.88395,                0.86176,                 1.0917,                0.55304,                0.48305,                0.44784,                  0.302,                 1.2747,                 1.7134,                 1.4597,              0.0090496,              0.0090496,              0.0090496
                     98,                0.87772,                0.84919,                 1.0868,                0.64519,                0.48327,                0.41839,                 0.2805,                 1.2985,                  1.749,                 1.4893,              0.0090397,              0.0090397,              0.0090397
                     99,                0.84359,                0.79787,                 1.0725,                0.48991,                0.53235,                0.45494,                0.30304,                 1.3004,                 1.8919,                 1.5163,              0.0090298,              0.0090298,              0.0090298
                    100,                0.85789,                0.81679,                 1.0705,                0.71005,                0.42189,                0.42608,                0.30611,                 1.3161,                 1.7208,                 1.5106,              0.0090199,              0.0090199,              0.0090199
                    101,                0.85244,                0.83509,                 1.0831,                  0.658,                0.41963,                0.44226,                0.30954,                 1.3409,                 1.7168,                 1.5313,                0.00901,                0.00901,                0.00901
                    102,                0.84471,                0.81966,                 1.0806,                0.54762,                0.40182,                0.43411,                0.30217,                 1.2807,                 1.7406,                 1.4704,              0.0090001,              0.0090001,              0.0090001
                    103,                  0.832,                0.81557,                 1.0707,                0.67166,                0.40847,                0.44555,                0.29934,                 1.3278,                 1.7252,                 1.5081,              0.0089902,              0.0089902,              0.0089902
                    104,                0.82994,                0.80086,                 1.0631,                0.60007,                0.39891,                0.38241,                 0.2686,                 1.2819,                 1.8655,                 1.4787,              0.0089803,              0.0089803,              0.0089803
                    105,                0.84751,                0.80786,                  1.072,                0.64644,                0.40189,                0.39774,                0.29321,                 1.2531,                 1.8079,                 1.4622,              0.0089704,              0.0089704,              0.0089704
                    106,                0.82887,                0.79146,                  1.068,                0.66028,                0.40624,                0.40967,                0.28128,                 1.3102,                 1.7304,                 1.5094,              0.0089605,              0.0089605,              0.0089605
                    107,                 0.8121,                0.76055,                  1.057,                0.61339,                0.42796,                0.41199,                0.29615,                 1.3428,                 1.7972,                 1.5196,              0.0089506,              0.0089506,              0.0089506
                    108,                0.84268,                0.79111,                 1.0625,                0.51921,                0.49603,                0.45614,                0.30176,                 1.2679,                 1.6206,                 1.4906,              0.0089407,              0.0089407,              0.0089407
                    109,                0.82658,                0.78393,                 1.0608,                0.62315,                0.38659,                0.41442,                  0.304,                 1.2732,                 1.7172,                  1.463,              0.0089308,              0.0089308,              0.0089308
                    110,                0.83487,                 0.7919,                 1.0615,                0.76422,                0.34259,                0.41676,                0.28964,                 1.3166,                 1.7303,                  1.498,              0.0089209,              0.0089209,              0.0089209
                    111,                0.81482,                0.78555,                 1.0512,                0.62418,                0.40461,                0.42956,                0.30895,                 1.3333,                 1.7588,                 1.5362,               0.008911,               0.008911,               0.008911
                    112,                0.81205,                0.77744,                 1.0531,                0.63726,                0.43398,                 0.4068,                0.29581,                 1.3148,                 1.8165,                 1.5173,              0.0089011,              0.0089011,              0.0089011
                    113,                0.80281,                0.75184,                 1.0574,                0.63791,                0.39291,                0.40039,                0.28737,                 1.3362,                 1.8885,                 1.5265,              0.0088912,              0.0088912,              0.0088912
                    114,                0.82469,                 0.7641,                 1.0604,                0.55853,                0.40883,                0.39099,                0.28072,                 1.2999,                 1.9261,                 1.5067,              0.0088813,              0.0088813,              0.0088813
                    115,                0.83257,                0.77452,                 1.0694,                0.54929,                0.42774,                 0.4114,                0.28891,                  1.365,                 1.8196,                 1.5702,              0.0088714,              0.0088714,              0.0088714
                    116,                0.80534,                0.73949,                 1.0499,                0.66824,                0.41866,                 0.4485,                0.31892,                 1.2941,                 1.6848,                 1.5096,              0.0088615,              0.0088615,              0.0088615
                    117,                0.81077,                 0.7449,                 1.0471,                0.61293,                0.45695,                0.47108,                0.31764,                 1.3216,                  1.771,                 1.5084,              0.0088516,              0.0088516,              0.0088516
                    118,                0.81679,                0.76942,                 1.0572,                0.58571,                 0.4531,                0.42925,                0.30959,                 1.2839,                 1.8233,                 1.4965,              0.0088417,              0.0088417,              0.0088417
                    119,                0.79376,                0.74937,                 1.0433,                0.57155,                0.43661,                0.41808,                0.30582,                 1.3139,                 1.7877,                  1.528,              0.0088318,              0.0088318,              0.0088318
                    120,                0.79459,                0.72405,                 1.0358,                0.60164,                0.39414,                0.43911,                0.30517,                 1.3338,                  1.793,                  1.557,              0.0088219,              0.0088219,              0.0088219
                    121,                0.79262,                 0.7538,                 1.0389,                0.63053,                0.45155,                0.47716,                0.31721,                 1.3085,                 1.8802,                 1.5313,               0.008812,               0.008812,               0.008812
                    122,                0.79326,                0.71941,                 1.0361,                0.64956,                0.40938,                0.41903,                0.29861,                 1.3188,                 1.8595,                 1.5199,              0.0088021,              0.0088021,              0.0088021
                    123,                 0.8071,                0.70901,                 1.0524,                0.55174,                0.40879,                0.39376,                0.28913,                 1.3267,                 1.7312,                 1.5374,              0.0087922,              0.0087922,              0.0087922
                    124,                0.77533,                0.70229,                 1.0302,                0.64428,                0.37511,                0.39689,                 0.2964,                 1.3051,                 1.8213,                 1.5081,              0.0087823,              0.0087823,              0.0087823
                    125,                0.79368,                0.72539,                 1.0389,                0.71293,                0.37643,                0.43039,                0.29777,                 1.3232,                 1.8293,                  1.519,              0.0087724,              0.0087724,              0.0087724
                    126,                0.77844,                0.69893,                 1.0354,                0.59363,                0.42767,                0.43864,                0.30552,                 1.3045,                 1.7891,                 1.5158,              0.0087625,              0.0087625,              0.0087625
                    127,                0.78874,                0.71295,                 1.0376,                0.57695,                0.44303,                0.43678,                0.30419,                 1.3255,                 1.7834,                 1.5308,              0.0087526,              0.0087526,              0.0087526
                    128,                  0.772,                0.71211,                 1.0309,                0.57012,                0.46852,                0.43596,                0.28107,                 1.3336,                 1.9263,                 1.5305,              0.0087427,              0.0087427,              0.0087427
                    129,                0.79077,                 0.7024,                 1.0339,                0.70581,                0.40233,                  0.428,                0.28297,                 1.3186,                 1.7914,                 1.5222,              0.0087328,              0.0087328,              0.0087328
                    130,                0.78697,                0.68278,                 1.0389,                0.66752,                0.41941,                0.45305,                0.31516,                  1.295,                 1.7548,                 1.5118,              0.0087229,              0.0087229,              0.0087229
                    131,                0.77775,                0.69682,                 1.0251,                 0.4876,                0.46559,                0.42514,                0.28378,                 1.2889,                 1.7771,                 1.4982,               0.008713,               0.008713,               0.008713
                    132,                0.78574,                0.71383,                 1.0306,                0.71319,                 0.3831,                0.41256,                0.29951,                 1.2844,                 1.8726,                 1.5061,              0.0087031,              0.0087031,              0.0087031
                    133,                0.77122,                0.68838,                 1.0311,                0.63097,                0.38648,                0.41697,                0.29763,                 1.3022,                 1.9041,                 1.5086,              0.0086932,              0.0086932,              0.0086932
                    134,                0.77083,                0.69245,                 1.0307,                0.68746,                0.41632,                  0.422,                0.28623,                 1.3462,                 1.8754,                 1.5633,              0.0086833,              0.0086833,              0.0086833
                    135,                0.76383,                0.68904,                 1.0367,                0.48997,                0.39878,                0.42362,                0.29718,                  1.329,                 1.9202,                 1.5469,              0.0086734,              0.0086734,              0.0086734
                    136,                0.76464,                0.68802,                 1.0252,                0.56278,                0.46974,                0.42222,                0.30052,                 1.3403,                 1.8046,                 1.5575,              0.0086635,              0.0086635,              0.0086635
                    137,                0.76096,                0.69021,                 1.0279,                0.57096,                0.39615,                0.41978,                0.29642,                 1.3441,                   1.97,                  1.526,              0.0086536,              0.0086536,              0.0086536
                    138,                0.75272,                0.68229,                 1.0212,                 0.5008,                 0.4142,                0.41593,                0.29189,                 1.3413,                 1.9141,                 1.5442,              0.0086437,              0.0086437,              0.0086437
                    139,                 0.7756,                0.68945,                 1.0349,                 0.7202,                0.36428,                0.40914,                0.29817,                 1.3463,                 1.9953,                 1.5493,              0.0086338,              0.0086338,              0.0086338
                    140,                0.77919,                0.68763,                 1.0311,                0.70525,                0.36069,                0.40213,                0.27749,                 1.3329,                 1.9218,                 1.5321,              0.0086239,              0.0086239,              0.0086239
                    141,                0.77775,                0.67883,                 1.0279,                0.72261,                0.35482,                0.40881,                0.29546,                 1.3326,                 1.9949,                 1.5402,               0.008614,               0.008614,               0.008614
                    142,                0.76864,                 0.6872,                  1.025,                0.59894,                0.41026,                0.41141,                0.30884,                 1.3436,                 1.9365,                 1.5252,              0.0086041,              0.0086041,              0.0086041
                    143,                0.74988,                0.67145,                 1.0161,                0.62083,                0.40612,                0.42697,                0.29647,                 1.3358,                 1.8902,                 1.5586,              0.0085942,              0.0085942,              0.0085942
                    144,                0.75912,                0.65737,                  1.021,                 0.6994,                0.35668,                0.40761,                0.29858,                 1.3356,                 1.8188,                 1.5266,              0.0085843,              0.0085843,              0.0085843
                    145,                0.74931,                0.65779,                  1.011,                0.60884,                0.43509,                0.45974,                0.30632,                 1.3248,                 1.9208,                 1.5345,              0.0085744,              0.0085744,              0.0085744
                    146,                0.75634,                 0.6625,                 1.0278,                0.57931,                0.44555,                0.43331,                0.30756,                 1.3098,                 1.8576,                  1.522,              0.0085645,              0.0085645,              0.0085645
                    147,                0.74828,                0.64794,                 1.0156,                0.51192,                0.44614,                0.39653,                  0.297,                 1.2982,                 1.8997,                 1.5362,              0.0085546,              0.0085546,              0.0085546
                    148,                0.75259,                 0.6388,                   1.01,                0.68692,                0.37281,                0.41425,                0.29607,                 1.3231,                  1.878,                 1.5509,              0.0085447,              0.0085447,              0.0085447
                    149,                0.74343,                0.65212,                 1.0163,                0.60814,                0.40114,                0.37283,                0.26806,                 1.2996,                 1.8958,                 1.5161,              0.0085348,              0.0085348,              0.0085348
                    150,                 0.7296,                0.64007,                   1.01,                0.58238,                0.40016,                0.40995,                0.28702,                 1.3036,                 1.9656,                 1.5426,              0.0085249,              0.0085249,              0.0085249
                    151,                0.74656,                0.65179,                 1.0124,                0.62244,                0.37281,                0.38127,                0.28414,                 1.2947,                  1.827,                 1.5147,               0.008515,               0.008515,               0.008515
                    152,                0.73179,                0.64091,                 1.0037,                0.61181,                0.40541,                0.40576,                0.27926,                 1.3154,                 1.9868,                 1.5321,              0.0085051,              0.0085051,              0.0085051
                    153,                0.74535,                0.66877,                  1.012,                0.67472,                0.37801,                0.38512,                0.28645,                 1.3005,                 1.9732,                 1.5223,              0.0084952,              0.0084952,              0.0084952
                    154,                0.72967,                0.63554,                 1.0028,                0.43367,                0.45089,                0.41804,                0.29181,                 1.3146,                 1.9559,                  1.533,              0.0084853,              0.0084853,              0.0084853
                    155,                0.73907,                0.64551,                 1.0145,                0.65972,                0.34414,                0.39188,                0.28449,                  1.313,                 2.0102,                 1.5458,              0.0084754,              0.0084754,              0.0084754
                    156,                0.73355,                0.63269,                 1.0034,                0.72921,                0.33817,                0.38783,                0.28562,                 1.3392,                 1.9326,                 1.5624,              0.0084655,              0.0084655,              0.0084655
                    157,                0.73738,                0.65698,                 1.0126,                0.60862,                0.37785,                 0.4065,                0.28156,                 1.3139,                 1.9208,                 1.5382,              0.0084556,              0.0084556,              0.0084556
                    158,                0.73401,                0.64105,                 1.0147,                0.59103,                0.39479,                0.39605,                0.27137,                 1.3518,                 1.9934,                 1.5657,              0.0084457,              0.0084457,              0.0084457
                    159,                0.73144,                 0.6259,                  1.009,                0.75963,                0.36734,                0.42088,                0.29913,                 1.2967,                 1.8639,                  1.566,              0.0084358,              0.0084358,              0.0084358
                    160,                0.71719,                  0.639,                0.99975,                0.67995,                0.36854,                0.39906,                0.29906,                  1.339,                 1.9085,                 1.5772,              0.0084259,              0.0084259,              0.0084259
                    161,                0.73107,                0.62907,                 1.0041,                0.59807,                0.40926,                0.45598,                0.31482,                   1.34,                 1.8798,                 1.5876,               0.008416,               0.008416,               0.008416
                    162,                0.73044,                0.61493,                 1.0065,                0.67567,                0.36889,                0.40566,                0.30824,                 1.2813,                 1.8877,                 1.5302,              0.0084061,              0.0084061,              0.0084061
                    163,                0.71469,                0.60407,                0.99559,                0.49846,                0.44302,                0.42094,                0.30025,                 1.2943,                  1.797,                 1.5323,              0.0083962,              0.0083962,              0.0083962
                    164,                0.72439,                0.61889,                 1.0051,                 0.6449,                0.38962,                0.40486,                0.29813,                 1.3328,                 1.8215,                 1.5749,              0.0083863,              0.0083863,              0.0083863
                    165,                0.73199,                0.62556,                0.99832,                0.55871,                0.42325,                0.40691,                 0.2985,                  1.358,                 1.9153,                  1.567,              0.0083764,              0.0083764,              0.0083764
                    166,                0.72445,                0.61207,                 1.0042,                0.64541,                0.36426,                0.40943,                0.29856,                 1.2973,                 1.9319,                 1.5662,              0.0083665,              0.0083665,              0.0083665
                    167,                0.72462,                0.61549,                 1.0001,                0.68151,                 0.3688,                0.39945,                0.28217,                 1.3326,                 2.0821,                 1.5669,              0.0083566,              0.0083566,              0.0083566
                    168,                0.71574,                 0.6024,                0.99773,                0.68787,                0.36449,                0.41346,                0.28588,                 1.3139,                 1.9891,                 1.5699,              0.0083467,              0.0083467,              0.0083467
                    169,                0.72012,                0.61137,                0.99146,                0.75266,                0.37641,                0.42256,                0.30148,                 1.2605,                 1.9175,                 1.5443,              0.0083368,              0.0083368,              0.0083368
                    170,                0.70507,                0.59515,                0.99826,                0.60223,                0.40052,                0.39944,                0.28305,                 1.3228,                  1.945,                 1.5883,              0.0083269,              0.0083269,              0.0083269
                    171,                0.70732,                0.60651,                0.99322,                0.56609,                0.39951,                0.40232,                0.28468,                 1.3428,                 1.9734,                 1.5938,               0.008317,               0.008317,               0.008317
                    172,                0.70554,                0.58859,                0.98606,                0.58253,                 0.4415,                0.43545,                0.29822,                 1.3144,                 1.9108,                 1.5827,              0.0083071,              0.0083071,              0.0083071
                    173,                0.70895,                0.60015,                0.99455,                0.73614,                0.36466,                0.37542,                0.27725,                 1.2989,                 1.9962,                   1.53,              0.0082972,              0.0082972,              0.0082972
                    174,                0.69657,                0.58402,                  0.999,                0.63069,                0.37729,                0.38783,                0.27602,                 1.3345,                 1.9586,                 1.5641,              0.0082873,              0.0082873,              0.0082873
                    175,                0.69857,                0.58599,                0.98966,                0.63196,                0.37008,                 0.3899,                0.26569,                 1.3521,                 1.9911,                 1.5708,              0.0082774,              0.0082774,              0.0082774
                    176,                0.70422,                0.58688,                0.99159,                0.55751,                0.37572,                0.36208,                0.27403,                 1.3503,                 2.0149,                 1.5771,              0.0082675,              0.0082675,              0.0082675
                    177,                 0.6981,                0.59368,                0.99038,                0.55625,                0.45465,                0.45533,                 0.3151,                 1.3226,                 1.9234,                 1.5675,              0.0082576,              0.0082576,              0.0082576
                    178,                0.70469,                0.60439,                0.99614,                0.58582,                 0.4446,                0.43882,                0.30316,                 1.3343,                 1.9511,                 1.5813,              0.0082477,              0.0082477,              0.0082477
                    179,                0.69679,                0.59534,                0.98728,                0.62705,                0.40681,                0.45374,                0.29923,                 1.3648,                 1.9388,                 1.6145,              0.0082378,              0.0082378,              0.0082378
                    180,                 0.6884,                0.58439,                0.98625,                0.66569,                0.44693,                0.42778,                0.29156,                 1.3321,                 2.0031,                 1.5894,              0.0082279,              0.0082279,              0.0082279
                    181,                0.68182,                0.56892,                0.98368,                0.70502,                0.36402,                 0.4013,                0.27801,                 1.3263,                 2.0829,                 1.5555,               0.008218,               0.008218,               0.008218
                    182,                0.69931,                0.59232,                0.98277,                0.56369,                0.38569,                0.38029,                0.27027,                 1.3461,                 2.0002,                 1.5784,              0.0082081,              0.0082081,              0.0082081
                    183,                 0.6899,                0.57509,                0.98674,                0.66706,                0.38076,                0.39612,                0.27999,                 1.3191,                 2.0734,                 1.5473,              0.0081982,              0.0081982,              0.0081982
                    184,                0.68269,                0.56476,                0.98603,                0.64816,                0.41365,                0.39398,                0.28107,                 1.3156,                 1.9728,                 1.5548,              0.0081883,              0.0081883,              0.0081883
                    185,                0.67223,                 0.5662,                0.98153,                0.63971,                0.40929,                0.40891,                0.28928,                 1.3177,                 2.0031,                 1.5711,              0.0081784,              0.0081784,              0.0081784
                    186,                0.68743,                0.57099,                0.98448,                 0.7602,                0.35725,                0.39559,                 0.2796,                 1.2864,                 1.9525,                 1.5396,              0.0081685,              0.0081685,              0.0081685
                    187,                0.69153,                0.56615,                0.98386,                0.70436,                0.38676,                0.42706,                0.30229,                 1.2986,                 1.8806,                 1.5563,              0.0081586,              0.0081586,              0.0081586
                    188,                0.67868,                0.57164,                0.98063,                 0.6768,                0.38279,                0.38196,                0.28656,                 1.3021,                 2.0337,                 1.5294,              0.0081487,              0.0081487,              0.0081487
                    189,                0.68933,                0.57981,                0.98562,                0.70279,                0.37209,                0.40706,                0.29239,                 1.3166,                 1.9558,                 1.5545,              0.0081388,              0.0081388,              0.0081388
                    190,                0.66402,                 0.5474,                0.97954,                0.66451,                0.39255,                  0.394,                0.29476,                  1.331,                 2.0134,                 1.5796,              0.0081289,              0.0081289,              0.0081289
                    191,                0.69162,                0.57427,                0.98286,                0.75045,                0.39092,                0.39668,                0.29166,                 1.3274,                 2.0762,                 1.5718,               0.008119,               0.008119,               0.008119
                    192,                0.68283,                0.56335,                0.98337,                 0.7017,                 0.4007,                0.39767,                0.29506,                  1.329,                 2.0169,                 1.5543,              0.0081091,              0.0081091,              0.0081091
                    193,                0.67561,                0.55694,                  0.978,                0.60057,                0.40174,                0.38241,                0.28365,                 1.3177,                 2.0288,                 1.5678,              0.0080992,              0.0080992,              0.0080992
                    194,                0.68056,                0.56261,                0.98973,                 0.6327,                0.39885,                0.39178,                0.29199,                 1.2814,                 1.9801,                 1.5529,              0.0080893,              0.0080893,              0.0080893
                    195,                0.67586,                0.56078,                 0.9803,                0.59984,                0.37722,                0.39528,                0.28214,                 1.3279,                 2.0356,                 1.5823,              0.0080794,              0.0080794,              0.0080794
                    196,                 0.6764,                0.56799,                0.98213,                0.52102,                0.43552,                0.42645,                0.29732,                 1.3701,                  2.135,                 1.6079,              0.0080695,              0.0080695,              0.0080695
                    197,                0.68257,                0.56526,                0.98305,                0.66721,                0.38584,                0.40625,                0.28626,                 1.3767,                 1.9977,                   1.61,              0.0080596,              0.0080596,              0.0080596
                    198,                 0.6753,                0.55578,                 0.9764,                0.56228,                0.42634,                0.39779,                0.29069,                 1.3132,                 1.9499,                 1.5598,              0.0080497,              0.0080497,              0.0080497
                    199,                0.67531,                0.55962,                0.97764,                 0.7099,                0.36948,                0.38318,                0.28636,                 1.3153,                 2.0726,                 1.5747,              0.0080398,              0.0080398,              0.0080398
                    200,                0.67266,                0.55719,                0.97507,                0.63394,                0.38507,                0.40563,                0.29036,                  1.322,                 1.9572,                 1.5589,              0.0080299,              0.0080299,              0.0080299
                    201,                0.65569,                0.54608,                0.97056,                0.67185,                0.41824,                0.42911,                 0.3001,                 1.3441,                 1.9743,                 1.6113,                0.00802,                0.00802,                0.00802
                    202,                 0.6496,                0.53937,                0.97247,                0.58327,                0.40437,                0.40631,                0.30121,                 1.3255,                 1.9783,                 1.5936,              0.0080101,              0.0080101,              0.0080101
                    203,                0.67819,                0.55686,                0.98086,                0.68176,                 0.3799,                0.40368,                0.29814,                 1.3297,                  1.961,                 1.5733,              0.0080002,              0.0080002,              0.0080002
                    204,                 0.6753,                0.54366,                0.97524,                 0.6454,                0.40823,                0.44876,                0.31564,                 1.3075,                 1.9178,                 1.5647,              0.0079903,              0.0079903,              0.0079903
                    205,                0.67224,                0.54962,                0.97395,                0.47692,                0.40893,                0.41339,                0.28837,                 1.3175,                  2.009,                 1.5554,              0.0079804,              0.0079804,              0.0079804
                    206,                0.64545,                0.52828,                0.96537,                0.52729,                0.42523,                0.40147,                0.29004,                 1.3175,                 2.0304,                 1.5732,              0.0079705,              0.0079705,              0.0079705
                    207,                0.66862,                 0.5558,                0.98066,                0.65867,                 0.3847,                  0.405,                0.29661,                 1.3356,                 2.0608,                  1.584,              0.0079606,              0.0079606,              0.0079606
                    208,                0.65451,                0.53872,                0.97102,                0.54781,                0.44792,                0.41612,                0.29002,                 1.2939,                 1.9669,                  1.541,              0.0079507,              0.0079507,              0.0079507
                    209,                0.66527,                0.54548,                0.97283,                0.64259,                0.36177,                 0.4228,                0.29311,                 1.2864,                 1.9691,                 1.5503,              0.0079408,              0.0079408,              0.0079408
                    210,                0.64946,                0.52745,                0.97095,                0.61737,                0.42721,                0.44628,                0.30756,                 1.3072,                 1.9264,                 1.5577,              0.0079309,              0.0079309,              0.0079309
                    211,                0.66777,                0.53498,                0.96642,                0.63097,                0.42168,                0.42297,                0.29886,                 1.3245,                  1.927,                 1.5889,               0.007921,               0.007921,               0.007921
                    212,                0.65927,                0.53644,                0.97073,                0.68341,                0.36118,                0.38779,                0.28432,                 1.3018,                 1.9511,                 1.5831,              0.0079111,              0.0079111,              0.0079111
                    213,                0.64848,                0.52821,                0.96935,                0.68029,                0.37844,                0.41045,                0.30035,                 1.3317,                 2.0348,                 1.5758,              0.0079012,              0.0079012,              0.0079012
                    214,                0.66202,                 0.5409,                0.96794,                0.63528,                0.39319,                0.43613,                0.30319,                 1.3403,                 1.9436,                 1.6023,              0.0078913,              0.0078913,              0.0078913
                    215,                0.64748,                 0.5382,                0.96516,                0.65333,                0.41105,                0.39889,                0.28793,                 1.3204,                 1.9079,                 1.5765,              0.0078814,              0.0078814,              0.0078814
                    216,                0.65668,                0.53353,                0.96839,                0.56353,                 0.4279,                0.41702,                0.29022,                 1.3174,                 1.9239,                  1.603,              0.0078715,              0.0078715,              0.0078715
                    217,                0.66137,                0.54027,                0.97032,                 0.6371,                0.38645,                0.39792,                0.28749,                 1.3629,                 2.0701,                 1.5763,              0.0078616,              0.0078616,              0.0078616
                    218,                0.66389,                0.54147,                 0.9701,                0.56709,                 0.4308,                0.39623,                0.28707,                 1.3339,                 1.9653,                 1.5859,              0.0078517,              0.0078517,              0.0078517
                    219,                0.65806,                0.52146,                0.97149,                0.71798,                0.37536,                0.41713,                0.29385,                 1.3305,                 1.9419,                 1.5508,              0.0078418,              0.0078418,              0.0078418
                    220,                0.63684,                0.52172,                0.96344,                0.70681,                0.34931,                0.39006,                0.28356,                  1.344,                 1.9672,                  1.594,              0.0078319,              0.0078319,              0.0078319
                    221,                0.64326,                0.52806,                0.96567,                0.76045,                0.34597,                0.43416,                0.29808,                 1.3094,                 2.0676,                 1.5579,               0.007822,               0.007822,               0.007822
